"Ducts","a3571b2e-b022-4077-bda7-db368f2bd710","Level 1"
"Ducts","22ac6600-86ff-497a-bff5-89e062214716","Level 1"
"","",""
"","",""
"","",""
"","",""
"Ducts","5540dff3-77a9-498e-9448-c1a8492acaac","Level 1"
"Ducts","22ac6600-86ff-497a-bff5-89e06221487b","Level 1"
"Ducts","22ac6600-86ff-497a-bff5-89e06221487d","Level 1"
"Ducts","22ac6600-86ff-497a-bff5-89e062214821","Level 1"
"Ducts","22ac6600-86ff-497a-bff5-89e06221480e","Level 1"
"Ducts","22ac6600-86ff-497a-bff5-89e0622147a2","Level 1"
"Ducts","22ac6600-86ff-497a-bff5-89e0622147a4","Level 1"
"Ducts","22ac6600-86ff-497a-bff5-89e062214848","Level 1"
"Ducts","7485c179-9364-48d7-b68b-67367185ef35","Level 1"
"Ducts","1e9e50ef-6537-4f6b-95f1-d3b404d96ab3","Level 1"
"Ducts","7485c179-9364-48d7-b68b-67367186139e","Level 1"
"Pipes","fff97e0a-8594-4721-a2b1-44248e34c804","Level 1"
"Ducts","810e919f-3214-4598-bcad-93bb1496a6ec","Level 1"
"Pipes","fff97e0a-8594-4721-a2b1-44248e34c834","Level 1"
"Ducts","9b244c6d-5e71-4c18-b520-d8234347467a","Level 1"
"Ducts","a8a821ee-9ca1-49ef-b79a-ff4afdc56e63","Level 1"
"Ducts","22ac6600-86ff-497a-bff5-89e062214acd","Level 1"
"Ducts","79c19b4b-dc8c-488b-88fa-9119448779cb","Level 1"
"Ducts","79c19b4b-dc8c-488b-88fa-9119448779d4","Level 1"
"Ducts","22ac6600-86ff-497a-bff5-89e062214ad5","Level 1"
"Ducts","79c19b4b-dc8c-488b-88fa-911944877907","Level 1"
"","",""
"Ducts","9b244c6d-5e71-4c18-b520-d823434744e2","Level 1"
"Ducts","22ac6600-86ff-497a-bff5-89e062214a62","Level 1"
"Ducts","7485c179-9364-48d7-b68b-67367186123d","Level 1"
"Ducts","810e919f-3214-4598-bcad-93bb1496a6f4","Level 1"
"Ducts","7485c179-9364-48d7-b68b-67367185efaf","Level 1"
"Ducts","f056ea9d-8fba-434e-80ce-46b4df095675","Level 1"
"Ducts","b42bd18d-c46c-40eb-abcf-d7288bd78f3c","Level 1"
"Ducts","b42bd18d-c46c-40eb-abcf-d7288bd78f1b","Level 1"
"","",""
"Ducts","f056ea9d-8fba-434e-80ce-46b4df0956db","Level 1"
"","",""
"Ducts","b42bd18d-c46c-40eb-abcf-d7288bd79122","Level 1"
"Ducts","7485c179-9364-48d7-b68b-67367185e92e","Level 1"
"Ducts","810e919f-3214-4598-bcad-93bb1496a6fe","Level 1"
"Ducts","9b244c6d-5e71-4c18-b520-d8234347442a","Level 1"
"Ducts","9b244c6d-5e71-4c18-b520-d8234347441d","Level 1"
"Ducts","22ac6600-86ff-497a-bff5-89e062214994","Level 1"
"Ducts","b42bd18d-c46c-40eb-abcf-d7288bd790d1","Level 1"
"Ducts","b42bd18d-c46c-40eb-abcf-d7288bd790e5","Level 1"
"Ducts","b42bd18d-c46c-40eb-abcf-d7288bd7911b","Level 1"
"Ducts","810e919f-3214-4598-bcad-93bb1496a6f4","Level 1"
"Ducts","7485c179-9364-48d7-b68b-67367185ec5d","Level 1"
"Ducts","810e919f-3214-4598-bcad-93bb1496a6fe","Level 1"
"Pipes","fff97e0a-8594-4721-a2b1-44248e34c804","Level 1"
"Ducts","b02ed267-bf9c-4e14-9297-17772e351a99","Level 1"
"Ducts","b02ed267-bf9c-4e14-9297-17772e351c36","Level 1"
"Ducts","7485c179-9364-48d7-b68b-67367185ec90","Level 1"
"","",""
"","",""
"Pipes","fff97e0a-8594-4721-a2b1-44248e34c834","Level 1"
"Pipes","be616ece-f29c-41ea-90be-1913ce9d6535","Level 3"
"Ducts","f056ea9d-8fba-434e-80ce-46b4df095675","Level 1"
"","",""
"Ducts","b42bd18d-c46c-40eb-abcf-d7288bd79122","Level 1"
"Pipes","7a2419bd-e042-4b38-8b95-781bc3362ed6","Level 2"
"Pipes","7a2419bd-e042-4b38-8b95-781bc3362edf","Level 2"
"","",""
"","",""
"","",""
"Ducts","a67143fa-0884-41a0-b6e9-3c9e8fe3a911","Level 2"
"Ducts","a67143fa-0884-41a0-b6e9-3c9e8fe3a918","Level 2"
"Ducts","a4d2a650-712c-4311-9076-3ed1392d6d2b","Level 2"
"Ducts","f056ea9d-8fba-434e-80ce-46b4df09550e","Level 2"
"Ducts","f056ea9d-8fba-434e-80ce-46b4df0955e2","Level 2"
"Ducts","a4d2a650-712c-4311-9076-3ed1392d6de8","Level 2"
"Ducts","18c046df-dabb-4edc-b788-1b5255070ac9","Level 2"
"Pipes","0123a7e9-f28a-4816-9dda-394f14f63b62","Level 2"
"","",""
"Ducts","0d295e74-a674-4a3f-bb23-adc17f2ba201","Level 2"
"Pipes","bd994609-b1ad-40bb-91e4-e10cb8a3eb12","Level 2"
"Ducts","f056ea9d-8fba-434e-80ce-46b4df0955e2","Level 2"
"Ducts","18c046df-dabb-4edc-b788-1b5255070ac9","Level 2"
"Ducts","f056ea9d-8fba-434e-80ce-46b4df09550e","Level 2"
"Ducts","a4d2a650-712c-4311-9076-3ed1392d6df1","Level 2"
"Ducts","1e9e50ef-6537-4f6b-95f1-d3b404d96b27","Level 2"
"Pipes","0123a7e9-f28a-4816-9dda-394f14f63b04","Level 2"
"Ducts","f056ea9d-8fba-434e-80ce-46b4df0953c3","Level 2"
"Ducts","b2cfd74c-53e5-47e8-b78b-863c8c1aeaa0","Level 2"
"Ducts","b2cfd74c-53e5-47e8-b78b-863c8c1aea81","Level 2"
"Ducts","a6d54095-4818-4ee2-aacc-a99794799b1d","Level 2"
"","",""
"Ducts","f056ea9d-8fba-434e-80ce-46b4df095062","Level 2"
"Pipes","be616ece-f29c-41ea-90be-1913ce9d650d","Level 2"
"Pipes","be616ece-f29c-41ea-90be-1913ce9d6515","Level 2"
"Pipes","be616ece-f29c-41ea-90be-1913ce9d651a","Level 2"
"Pipes","5540dff3-77a9-498e-9448-c1a8492acbf2","Level 2"
"Pipes","3d39d915-7e35-4a0b-baa3-a5b71595ed38","Level 2"
"Pipes","3d39d915-7e35-4a0b-baa3-a5b71595f3e9","Level 2"
"Pipes","3d39d915-7e35-4a0b-baa3-a5b71595faf8","Level 2"
"Ducts","b2cfd74c-53e5-47e8-b78b-863c8c1aeb0e","Level 2"
"Ducts","18c046df-dabb-4edc-b788-1b5255070d68","Level 2"
"Ducts","b2cfd74c-53e5-47e8-b78b-863c8c1aeb6b","Level 2"
"Ducts","a67143fa-0884-41a0-b6e9-3c9e8fe3abb9","Level 2"
"Ducts","a67143fa-0884-41a0-b6e9-3c9e8fe3a925","Level 2"
"Ducts","a67143fa-0884-41a0-b6e9-3c9e8fe3a8d3","Level 2"
"","",""
"","",""
"Ducts","b2cfd74c-53e5-47e8-b78b-863c8c1af5a2","Level 2"
"Ducts","b2cfd74c-53e5-47e8-b78b-863c8c1aea7a","Level 2"
"Ducts","b2cfd74c-53e5-47e8-b78b-863c8c1aea16","Level 2"
"Ducts","b2cfd74c-53e5-47e8-b78b-863c8c1af521","Level 2"
"Ducts","b2cfd74c-53e5-47e8-b78b-863c8c1af50c","Level 2"
"Ducts","b2cfd74c-53e5-47e8-b78b-863c8c1af5f8","Level 2"
"Ducts","a4d2a650-712c-4311-9076-3ed1392d79ef","Level 2"
"Ducts","075fc253-6859-479c-afd9-789e8b2edb78","Level 2"
"Ducts","0653a761-f461-47be-a144-01ab5276bfcd","Level 2"
"Ducts","a75ea75b-3cf3-462b-a415-0d28a21f3221","Level 2"
"","",""
"Pipes","0123a7e9-f28a-4816-9dda-394f14f63b62","Level 2"
"Pipes","bd994609-b1ad-40bb-91e4-e10cb8a3eb12","Level 2"
"Ducts","a6d54095-4818-4ee2-aacc-a99794799bb6","Level 2"
"Ducts","a6d54095-4818-4ee2-aacc-a99794799bc0","Level 2"
"","",""
"Ducts","0653a761-f461-47be-a144-01ab5276be88","Level 2"
"Pipes","5540dff3-77a9-498e-9448-c1a8492acbf2","Level 2"
"Pipes","3d39d915-7e35-4a0b-baa3-a5b71595faf8","Level 2"
"Ducts","1e9e50ef-6537-4f6b-95f1-d3b404d96bb6","Level 3"
"Pipes","3d799d70-1515-41b0-bbca-2d48ed5b7291","Level 3"
"Pipes","3d799d70-1515-41b0-bbca-2d48ed5b72c3","Level 3"
"Ducts","5276c85d-8641-4edc-af8e-250678296646","Level 3"
"Ducts","da59ec8d-c30e-46b8-8249-7e79f7aa902d","Level 3"
"Ducts","8033a52a-52b9-4c49-911d-753168e1b2d7","Level 3"
"","",""
"Ducts","1e9e50ef-6537-4f6b-95f1-d3b404d96bb6","Level 3"
"Pipes","3d799d70-1515-41b0-bbca-2d48ed5b7291","Level 3"
"Pipes","3d799d70-1515-41b0-bbca-2d48ed5b72c3","Level 3"
"Ducts","9d64d9f8-5eaf-449e-98dc-7a24fdfacee2","Level 3"
"Ducts","da59ec8d-c30e-46b8-8249-7e79f7aa95a9","Level 3"
"Ducts","da59ec8d-c30e-46b8-8249-7e79f7aa9453","Level 3"
"Ducts","da59ec8d-c30e-46b8-8249-7e79f7aa9539","Level 3"
"Pipes","3d799d70-1515-41b0-bbca-2d48ed5b7276","Level 3"
"Ducts","8033a52a-52b9-4c49-911d-753168e147c1","Level 3"
"Ducts","8033a52a-52b9-4c49-911d-753168e146d7","Level 3"
"Ducts","8033a52a-52b9-4c49-911d-753168e14705","Level 3"
"Pipes","3d799d70-1515-41b0-bbca-2d48ed5b72b4","Level 3"
"","",""
"","",""
"","",""
"Ducts","da59ec8d-c30e-46b8-8249-7e79f7aa9106","Level 3"
"Ducts","da59ec8d-c30e-46b8-8249-7e79f7aa91a0","Level 3"
"Ducts","da59ec8d-c30e-46b8-8249-7e79f7aa9150","Level 3"
"Ducts","da59ec8d-c30e-46b8-8249-7e79f7aa918c","Level 3"
"Ducts","da59ec8d-c30e-46b8-8249-7e79f7aa8ebe","Level 3"
"","",""
"Ducts","a75ea75b-3cf3-462b-a415-0d28a21f4d14","Level 3"
"Ducts","1cd0bd69-c2b8-4915-be03-0163e5188072","Level 3"
"Ducts","1cd0bd69-c2b8-4915-be03-0163e51883c6","Level 3"
"","",""
"Ducts","8033a52a-52b9-4c49-911d-753168e1bccd","Level 3"
"Ducts","da59ec8d-c30e-46b8-8249-7e79f7aa9210","Level 3"
"Ducts","da59ec8d-c30e-46b8-8249-7e79f7aa927f","Level 3"
"Ducts","da59ec8d-c30e-46b8-8249-7e79f7aa938e","Level 3"
"Ducts","8033a52a-52b9-4c49-911d-753168e1bbd3","Level 3"
"Ducts","da59ec8d-c30e-46b8-8249-7e79f7aa93ec","Level 3"
"Ducts","da59ec8d-c30e-46b8-8249-7e79f7aa9368","Level 3"
"Ducts","da59ec8d-c30e-46b8-8249-7e79f7aa928c","Level 3"
"","",""
"Ducts","8033a52a-52b9-4c49-911d-753168e1beea","Level 3"
"","",""
"Ducts","8033a52a-52b9-4c49-911d-753168e1bce9","Level 3"
"Ducts","8033a52a-52b9-4c49-911d-753168e1bcf0","Level 3"
"","",""
"","",""
"","",""
"","",""
"","",""
"Flex Ducts","8033a52a-52b9-4c49-911d-753168e1bcf5","Level 3"
"Flex Ducts","8033a52a-52b9-4c49-911d-753168e1bcfc","Level 3"
"Flex Ducts","8033a52a-52b9-4c49-911d-753168e1bcea","Level 3"
"","",""
"","",""
"","",""
"","",""
"","",""
"Ducts","8033a52a-52b9-4c49-911d-753168e1bcee","Level 3"
"Ducts","8033a52a-52b9-4c49-911d-753168e1bce7","Level 3"
"Flex Ducts","8033a52a-52b9-4c49-911d-753168e1bce3","Level 3"
"","",""
"Ducts","22ac6600-86ff-497a-bff5-89e062214a62","Level 1"
"Ducts","cf861f32-eaa5-4e67-885f-4c918312831d","Level 1"
"Ducts","7485c179-9364-48d7-b68b-67367185ef35","Level 1"
"Ducts","7485c179-9364-48d7-b68b-67367185e92c","Level 1"
"Ducts","810e919f-3214-4598-bcad-93bb1496a6f4","Level 1"
"Ducts","a8a821ee-9ca1-49ef-b79a-ff4afdc55085","Level 1"
"Ducts","f056ea9d-8fba-434e-80ce-46b4df0957b4","Level 1"
"Pipes","be616ece-f29c-41ea-90be-1913ce9d6576","Level 3"
"Ducts","f056ea9d-8fba-434e-80ce-46b4df09550e","Level 2"
"Ducts","f056ea9d-8fba-434e-80ce-46b4df0955e2","Level 2"
"Ducts","075fc253-6859-479c-afd9-789e8b2edb7f","Level 2"
"Ducts","0d295e74-a674-4a3f-bb23-adc17f2ba205","Level 2"
"Ducts","a4d2a650-712c-4311-9076-3ed1392d6659","Level 2"
"Ducts","0d295e74-a674-4a3f-bb23-adc17f2ba2ee","Level 2"
"Ducts","0653a761-f461-47be-a144-01ab5276bfc1","Level 2"
"Ducts","0d295e74-a674-4a3f-bb23-adc17f2ba2e1","Level 2"
"Ducts","075fc253-6859-479c-afd9-789e8b2edb7e","Level 2"
"Ducts","18c046df-dabb-4edc-b788-1b5255070ac9","Level 2"
"Ducts","f056ea9d-8fba-434e-80ce-46b4df0953c3","Level 2"
"Ducts","a6d54095-4818-4ee2-aacc-a99794799b1d","Level 2"
"Ducts","18c046df-dabb-4edc-b788-1b5255070a61","Level 2"
"Ducts","36eba34a-ce90-4909-9f22-fbec1d4791b1","Level 2"
"Pipes","bd994609-b1ad-40bb-91e4-e10cb8a3eb12","Level 2"
"Ducts","5276c85d-8641-4edc-af8e-250678296687","Level 3"
"Ducts","1cd0bd69-c2b8-4915-be03-0163e5188383","Level 3"
"Ducts","1cd0bd69-c2b8-4915-be03-0163e518803f","Level 3"
"Ducts","7c4a8b26-bf88-4896-bda4-a8d8dfbd7ee1","Level 3"
"Ducts","5276c85d-8641-4edc-af8e-250678296646","Level 3"
"Ducts","da59ec8d-c30e-46b8-8249-7e79f7aa937c","Level 3"
"Ducts","9d64d9f8-5eaf-449e-98dc-7a24fdface3f","Level 3"
"Ducts","9d64d9f8-5eaf-449e-98dc-7a24fdface3f","Level 3"
"Pipes","aa4a4582-db65-4ef5-8aab-f930c2030450","Roof Level"
"","",""
"","",""
"","",""
"","",""
"","",""
"Ducts","1e9e50ef-6537-4f6b-95f1-d3b404d96a22","Level 1"
"","",""
"","",""
"","",""
"","",""
"Ducts","810e919f-3214-4598-bcad-93bb1496a6fe","Level 1"
"Ducts","810e919f-3214-4598-bcad-93bb1496a6f4","Level 1"
"Ducts","810e919f-3214-4598-bcad-93bb1496a617","Level 1"
"Ducts","810e919f-3214-4598-bcad-93bb1496a6ec","Level 1"
"Ducts","1e9e50ef-6537-4f6b-95f1-d3b404d96ab3","Level 1"
"Pipes","7a2419bd-e042-4b38-8b95-781bc3362ec9","Level 2"
"Pipes","3d39d915-7e35-4a0b-baa3-a5b71595f191","Level 1"
"","",""
"","",""
"","",""
"","",""
"","",""
"","",""
"Ducts","a3571b2e-b022-4077-bda7-db368f2bd486","Roof Level"
"Ducts","810e919f-3214-4598-bcad-93bb1496a03a","Roof Level"
"Pipes","3d799d70-1515-41b0-bbca-2d48ed5b72a1","Roof Level"
"Ducts","a4d9d330-8a2c-439f-b026-cca14507564a","Level 1"
"Pipes","47caff85-47ed-4034-af79-d9cf19e51ef3","Roof Level"
"Ducts","a4d2a650-712c-4311-9076-3ed1392d6dea","Level 2"
"","",""
"Ducts","18c046df-dabb-4edc-b788-1b5255070a22","Level 2"
"Ducts","18c046df-dabb-4edc-b788-1b5255070aac","Level 2"
"Ducts","18c046df-dabb-4edc-b788-1b5255070f2e","Level 2"
"Ducts","18c046df-dabb-4edc-b788-1b5255070cd4","Level 2"
"Ducts","18c046df-dabb-4edc-b788-1b5255070f7c","Level 2"
"","",""
"","",""
"","",""
"","",""
"","",""
"Ducts","c4e10fd9-73d2-40f5-8c9c-6e9f89153780","Level 2"
"Ducts","18c046df-dabb-4edc-b788-1b5255070dbd","Level 2"
"","",""
"","",""
"Ducts","18c046df-dabb-4edc-b788-1b5255070c55","Level 2"
"Ducts","18c046df-dabb-4edc-b788-1b5255070d18","Level 2"
"Ducts","18c046df-dabb-4edc-b788-1b5255070c12","Level 2"
"","",""
"","",""
"","",""
"","",""
"","",""
"","",""
"","",""
"","",""
"","",""
"","",""
"","",""
"","",""
"","",""
"","",""
"","",""
"","",""
"","",""
"","",""
"","",""
"","",""
"","",""
"","",""
"","",""
"","",""
"Ducts","a4d2a650-712c-4311-9076-3ed1392d6de9","Level 2"
"Ducts","a4d2a650-712c-4311-9076-3ed1392d6ded","Level 2"
"Ducts","a4d2a650-712c-4311-9076-3ed1392d6de8","Level 2"
"Ducts","a4d2a650-712c-4311-9076-3ed1392d6d2b","Level 2"
"Ducts","a4d2a650-712c-4311-9076-3ed1392d6dec","Level 2"
"","",""
"Ducts","a67143fa-0884-41a0-b6e9-3c9e8fe3a576","Level 2"
"","",""
"Ducts","18c046df-dabb-4edc-b788-1b5255070f9e","Level 2"
"","",""
"Ducts","a67143fa-0884-41a0-b6e9-3c9e8fe3a0fa","Level 2"
"Ducts","a67143fa-0884-41a0-b6e9-3c9e8fe3a632","Level 2"
"Ducts","0d295e74-a674-4a3f-bb23-adc17f2ba201","Level 2"
"Ducts","a4d2a650-712c-4311-9076-3ed1392d79e6","Level 2"
"Ducts","0653a761-f461-47be-a144-01ab5276bfcd","Level 2"
"Ducts","a4d2a650-712c-4311-9076-3ed1392d6665","Level 2"
"Ducts","a4d2a650-712c-4311-9076-3ed1392d79ef","Level 2"
"Ducts","075fc253-6859-479c-afd9-789e8b2edb78","Level 2"
"","",""
"","",""
"","",""
"","",""
"","",""
"","",""
"","",""
"","",""
"Ducts","36eba34a-ce90-4909-9f22-fbec1d47933f","Level 2"
"Ducts","a67143fa-0884-41a0-b6e9-3c9e8fe3a3a4","Level 2"
"Ducts","36eba34a-ce90-4909-9f22-fbec1d479383","Level 2"
"","",""
"","",""
"","",""
"Ducts","a67143fa-0884-41a0-b6e9-3c9e8fe3abb9","Level 2"
"Ducts","a67143fa-0884-41a0-b6e9-3c9e8fe3a925","Level 2"
"Ducts","a67143fa-0884-41a0-b6e9-3c9e8fe3a8d3","Level 2"
"","",""
"","",""
"","",""
"Ducts","36eba34a-ce90-4909-9f22-fbec1d4791b1","Level 2"
"Ducts","a4d2a650-712c-4311-9076-3ed1392d6659","Level 2"
"","",""
"","",""
"Ducts","0d295e74-a674-4a3f-bb23-adc17f2ba200","Level 2"
"Ducts","0653a761-f461-47be-a144-01ab5276bfc2","Level 2"
"Ducts","075fc253-6859-479c-afd9-789e8b2edb7b","Level 2"
"Ducts","075fc253-6859-479c-afd9-789e8b2edb7c","Level 2"
"","",""
"","",""
"","",""
"","",""
"","",""
"","",""
"","",""
"","",""
"","",""
"","",""
"","",""
"","",""
"Ducts","a67143fa-0884-41a0-b6e9-3c9e8fe3aba0","Level 2"
"Ducts","a67143fa-0884-41a0-b6e9-3c9e8fe3abba","Level 2"
"Ducts","a67143fa-0884-41a0-b6e9-3c9e8fe3a926","Level 2"
"Ducts","a67143fa-0884-41a0-b6e9-3c9e8fe3a8dc","Level 2"
"","",""
"","",""
"","",""
"","",""
"","",""
"","",""
"","",""
"","",""
"","",""
"","",""
"","",""
"","",""
"","",""
"","",""
"","",""
"","",""
"","",""
"","",""
"Ducts","36eba34a-ce90-4909-9f22-fbec1d4791b2","Level 2"
"Ducts","36eba34a-ce90-4909-9f22-fbec1d4791b3","Level 2"
"","",""
"","",""
"","",""
"","",""
"","",""
"Ducts","0653a761-f461-47be-a144-01ab5276be88","Level 2"
"Ducts","075fc253-6859-479c-afd9-789e8b2edb7f","Level 2"
"","",""
"","",""
"Ducts","a67143fa-0884-41a0-b6e9-3c9e8fe3aac7","Level 2"
"Ducts","a3571b2e-b022-4077-bda7-db368f2bd547","Roof Level"
"Pipes","0123a7e9-f28a-4816-9dda-394f14f63b09","Roof Level"
"Ducts","dbdaeb49-8927-41e6-8e83-577566bb95b5","Level 1"
"Pipes","be616ece-f29c-41ea-90be-1913ce9d651a","Level 2"
"Pipes","be616ece-f29c-41ea-90be-1913ce9d6515","Level 2"
"Pipes","be616ece-f29c-41ea-90be-1913ce9d650d","Level 2"
"Pipes","be616ece-f29c-41ea-90be-1913ce9d6506","Level 3"
"Pipes","7a2419bd-e042-4b38-8b95-781bc3362ed2","Level 2"
"Pipes","be616ece-f29c-41ea-90be-1913ce9d652a","Level 2"
"Pipes","e5b8d4d3-122d-4ea0-bbd3-26614c9844bf","Level 2"
"Pipes","7a2419bd-e042-4b38-8b95-781bc3362ed9","Level 2"
"Pipes","7a2419bd-e042-4b38-8b95-781bc3362edd","Level 2"
"Ducts","a3571b2e-b022-4077-bda7-db368f2bd547","Roof Level"
"Ducts","dbdaeb49-8927-41e6-8e83-577566bb95b5","Level 1"
"Pipes","0123a7e9-f28a-4816-9dda-394f14f63b09","Roof Level"
"Pipes","aa4a4582-db65-4ef5-8aab-f930c2030450","Roof Level"
"Pipes","be616ece-f29c-41ea-90be-1913ce9d652a","Level 2"
"Pipes","e5b8d4d3-122d-4ea0-bbd3-26614c9844bf","Level 2"
"Pipes","7a2419bd-e042-4b38-8b95-781bc3362ed2","Level 2"
"Pipes","7a2419bd-e042-4b38-8b95-781bc3362ec9","Level 2"
"Pipes","7a2419bd-e042-4b38-8b95-781bc3362ed9","Level 2"
"Pipes","7a2419bd-e042-4b38-8b95-781bc3362edd","Level 2"
"Ducts","a3571b2e-b022-4077-bda7-db368f2bd4e1","Roof Level"
"Ducts","810e919f-3214-4598-bcad-93bb1496a079","Roof Level"
"Pipes","aa4a4582-db65-4ef5-8aab-f930c203002c","Roof Level"
"Ducts","a4d9d330-8a2c-439f-b026-cca14507564a","Level 1"
"Pipes","810e919f-3214-4598-bcad-93bb1496948e","Roof Level"
"","",""
"Ducts","da59ec8d-c30e-46b8-8249-7e79f7aa93db","Level 3"
"","",""
"","",""
"","",""
"","",""
"","",""
"","",""
"Ducts","da59ec8d-c30e-46b8-8249-7e79f7aa90c6","Level 3"
"Ducts","da59ec8d-c30e-46b8-8249-7e79f7aa8e99","Level 3"
"Ducts","da59ec8d-c30e-46b8-8249-7e79f7aa91eb","Level 3"
"Ducts","da59ec8d-c30e-46b8-8249-7e79f7aa9329","Level 3"
"Ducts","da59ec8d-c30e-46b8-8249-7e79f7aa906c","Level 3"
"Ducts","da59ec8d-c30e-46b8-8249-7e79f7aa8efd","Level 3"
"","",""
"","",""
"","",""
"","",""
"","",""
"","",""
"","",""
"Ducts","8033a52a-52b9-4c49-911d-753168e1b2d7","Level 3"
"","",""
"","",""
"","",""
"Ducts","da59ec8d-c30e-46b8-8249-7e79f7aa9540","Level 3"
"Ducts","da59ec8d-c30e-46b8-8249-7e79f7aa95f1","Level 3"
"Ducts","da59ec8d-c30e-46b8-8249-7e79f7aa9596","Level 3"
"Ducts","da59ec8d-c30e-46b8-8249-7e79f7aa92cb","Level 3"
"Ducts","a123d48f-58b3-4753-b1d5-d8a66df623a2","Level 3"
"","",""
"","",""
"Pipes","be616ece-f29c-41ea-90be-1913ce9d650c","Level 3"
"Pipes","3d39d915-7e35-4a0b-baa3-a5b71595f191","Level 1"
